<?xml version="1.0" encoding="UTF-8"?>
<addon id="plugin.video.kamerdb" name="K.A. - MERDB.RU" version="1.0.0" provider-name="K.A. Kanalei">
  <requires>
    <import addon="xbmc.python" version="2.0"/>
	<import addon="script.module.t0mm0.common" version="0.0.1"/>
	<import addon="script.module.urlresolver" version="0.0.1"/>
	<import addon="script.module.metahandler" version="1.0.2"/>
	<import addon="script.common.plugin.cache" version="0.9.1"/>
	<import addon="script.module.universal" version="0.0.1" />
  </requires>
  <extension point="xbmc.python.pluginsource" library="default.py">
        <provides>video</provides>
  </extension>
  <extension point="xbmc.addon.metadata">
    <summary lang="en">K.A. - MERDB.RU</summary>
    <description lang="en">Watch movies and tv-shows online for free from merdb.ru</description>	
    <platform>all</platform>
  </extension>
</addon>
