﻿<?xml version="1.0" encoding="utf-8" standalone="yes"?>
<addon id="plugin.video.vkool" version="1.0.3" name="Vkool Movies" provider-name="K.A. Kanalei">
  <requires>
    <import addon="xbmc.python" version="2.0" />
    <import addon="script.module.simplejson" />
    <import addon="script.module.urlresolver" version="0.0.1" />
    <import addon="script.module.t0mm0.common" version="1.1.0" />
    <import addon="script.module.metahandler" version="1.0.0" />
  </requires>
  <extension point="xbmc.python.pluginsource" library="default.py">
    <provides>video</provides>
  </extension>
  <extension point="xbmc.addon.metadata">
    <summary>Vkool</summary>
    <description>Watch Vietnamese, English, Korean, Chinese, Hong Kong,... movies from vkool.net</description>
    <platform>all</platform>
  </extension>
</addon>