﻿<?xml version="1.0" encoding="utf-8" standalone="yes"?>
<addon id="plugin.video.kingsex" version="1.0.2" name="Best Asian Adult Movies" provider-name="K.A. Kanalei">
  <requires>
    <import addon="xbmc.python" version="2.0" />
    <import addon="script.module.simplejson" />
    <import addon="script.module.urlresolver" version="0.0.1"></import>
    <import addon="script.module.t0mm0.common" version="1.1.0" />
  </requires>
  <extension point="xbmc.python.pluginsource" library="default.py">
    <provides>video</provides>
  </extension>
  <extension point="xbmc.addon.metadata">
    <summary>Adult Movies</summary>
    <description>Watch Asian Adult Movies from Kingsex</description>
    <platform>all</platform>
  </extension>
</addon>