﻿<?xml version="1.0" encoding="utf-8" standalone="yes"?>
<addon id="plugin.video.kaphimmobile" version="1.0.0" name="PhimMobile.Com" provider-name="K.A. Kanalei">
  <requires>
    <import addon="xbmc.python" version="2.0" />
    <import addon="script.module.simplejson" />
    <import addon="script.module.t0mm0.common" version="1.1.0" />
  </requires>
  <extension point="xbmc.python.pluginsource" library="default.py">
    <provides>video</provides>
  </extension>
  <extension point="xbmc.addon.metadata">
    <summary>PhimMobile.Com</summary>
    <description>Watch Vietnamese, English, Korean, Chinese, Hong Kong,... movies from phimmobile.com</description>
    <platform>all</platform>
  </extension>
</addon>