<?xml version="1.0" encoding="UTF-8"?>
<addon id="repository.ka-kanalei-xbmc-repaddon" name="ka-kanalei-repaddon Add-on Repository" version="1.0.0" provider-name="ka-kanalei-xbmc-repaddon">
	<extension point="xbmc.addon.repository" name="ka-kanalei-repaddon Add-on Repository">
		<info compressed="false">http://www.dropbox.com/sh/7md049grtlobugj/yMjgnfJmmi/addons.xml</info>
		<checksum>http://www.dropbox.com/sh/7md049grtlobugj/e7_Loj5vWh/addons.xml.md5</checksum>
		<datadir zip="true">http://www.dropbox.com/sh/7md049grtlobugj/3vNqMb0sHk/My-Repo/zips</datadir>
	</extension>
	<extension point="xbmc.addon.metadata">
		<summary>Install Add-ons from ka-kanalei Add-on Repository</summary>
		<description>Video plug-ins for XBMC</description>
		<platform>all</platform>
	</extension>
</addon>

